{
  "images" : [
    {
      "resizing" : {
        "mode" : "9-part",
        "center" : {
          "mode" : "stretch",
          "width" : 1,
          "height" : 1
        },
        "capInsets" : {
          "bottom" : 44,
          "top" : 43,
          "right" : 37,
          "left" : 21
        }
      },
      "idiom" : "universal",
      "filename" : "contentview_commentbacky@2x-1.png",
      "scale" : "1x"
    },
    {
      "resizing" : {
        "mode" : "9-part",
        "center" : {
          "mode" : "stretch",
          "width" : 1,
          "height" : 1
        },
        "capInsets" : {
          "bottom" : 44,
          "top" : 43,
          "right" : 37,
          "left" : 21
        }
      },
      "idiom" : "universal",
      "filename" : "contentview_commentbacky@2x.png",
      "scale" : "2x"
    },
    {
      "idiom" : "universal",
      "scale" : "3x"
    }
  ],
  "info" : {
    "version" : 1,
    "author" : "xcode"
  }
}