[
 {
 "Type": "吃",
 "Items": [
           {
           "Item_Title": "云南味道",
           "Picture":"Picture"
           },
           {
           "Item_Title": "川菜",
           "Picture":"Picture"
           },
           {
           "Item_Title": "特色火锅",
           "Picture":"Picture"
           },
           {
           "Item_Title": "最爱私房菜",
           },
           {
           "Item_Title": "粉面",
           },
           {
           "Item_Title": "榴莲控",
           "Picture":"Picture"
           },
           {
           "Item_Title": "私厨",
           },
           {
           "Item_Title": "寻找秃黄油",
           },
           {
           "Item_Title": "吃蟹好去处Top10",
           }
           ,
           {
           "Item_Title": "日式拉面",
           },
           {
           "Item_Title": "邪恶美食",
           },
           {
           "Item_Title": "西餐",
           },
           {
           "Item_Title": "汉堡",
           },
           {
           "Item_Title": "肉食主义",
           },
           {
           "Item_Title": "焖面",
           },
           {
           "Item_Title": "凉面凉面凉面凉面凉面凉面凉面凉面凉面凉面凉面凉面凉面",
           }
           ]
 },
 {
 "Type": "喝",
 "Items": [
           {
           "Item_Title": "美妙下午茶",
           },
           {
           "Item_Title": "炸鸡啤酒",
           },
           {
           "Item_Title": "饮料",
           },
           {
           "Item_Title": "先剁手后保暖",
           }
           ]
 },
 {
 "Type": "玩",
 "Items": [
           {
           "Item_Title": "周末必去活动",
           },
           {
           "Item_Title": "展览",
           },
           {
           "Item_Title": "戏剧",
           "Picture":"Picture"
           },
           {
           "Item_Title": "直播最美秋叶",
           "Picture":"Picture"
           },
           {
           "Item_Title": "做手工",
           "Picture":"Picture"
           },
           {
           "Item_Title": "泡温泉",
           "Picture":"Picture"
           },
           {
           "Item_Title": "先剁手后保暖",
           "Picture":"Picture"
           }
           ]
 },
 {
 "Type": "逛",
 "Items": [
           {
           "Item_Title": "展览",
           "Picture":"Picture"
           },
           {
           "Item_Title": "礼品店",
           "Picture":"Picture"
           },
           {
           "Item_Title": "先剁手后保暖",
           "Picture":"Picture"
           },
           {
           "Item_Title": "逛市集",
           "Picture":"Picture"
           }
           ]
 }
 ]